URI,SmallURI,LargeURI,ImageWidth,Type,Priority,Caption,Taxon,Character,State,UseFor,TipStyle
#'Structural' character state images,,,,,,,,,,,
resources/ReferenceImages/folded.jpeg,,,100%,image-local,,,,Budshoot,Folded,,
resources/ReferenceImages/rolledbud.jpeg,,,100%,image-local,,,,Budshoot,Rolled,,
resources/ReferenceImages/sheathAll.jpeg,,,100%,image-local,,,,SheathMargins,,,
resources/ReferenceImages/auricles.jpeg,,,100%,image-local,,,,Auricles,,,
resources/ReferenceImages/collar3.png,,,100%,image-local,,,,CollarType,,,
resources/ReferenceImages/collar3.png,,,100%,image-local,,,,CollarExtra,,,
resources/ReferenceImages/collarhairy.png,,,100%,image-local,,,,CollarTexture,,,
resources/ReferenceImages/liguletypes.png,,,100%,image-local,,,,LiguleType,,,
resources/ReferenceImages/liguleshapes.png,,,100%,image-local,,,,LiguleShape,,,
resources/ReferenceImages/ligulemargins.png,,,100%,image-local,,,,LiguleMargin,,,
resources/ReferenceImages/leafblade.png,,,100%,image-local,,,,LeafShape,,,
#taxon pictures,,,,,,,,,,,
resources/ReferenceImages/PlantID/SlenderWheatgrass/one.jpeg,,,100%,image-local,,,Agropyron trachycaulus (old: trachycaulum)/Slender Wheatgrass,,,,
resources/ReferenceImages/PlantID/SlenderWheatgrass/two.png,,,100%,image-local,,,Agropyron trachycaulus (old: trachycaulum)/Slender Wheatgrass,,,,
resources/ReferenceImages/PlantID/SlenderWheatgrass/three.jpg,,,100%,image-local,,,Agropyron trachycaulus (old: trachycaulum)/Slender Wheatgrass,,,,
resources/ReferenceImages/PlantID/SlenderWheatgrass/four.jpg,,,100%,image-local,,,Agropyron trachycaulus (old: trachycaulum)/Slender Wheatgrass,,,,
resources/ReferenceImages/PlantID/SlenderWheatgrass/five.jpg,,,100%,image-local,,,Agropyron trachycaulus (old: trachycaulum)/Slender Wheatgrass,,,,
resources/ReferenceImages/PlantID/SlenderWheatgrass/six.jpg,,,100%,image-local,,,Agropyron trachycaulus (old: trachycaulum)/Slender Wheatgrass,,,,
resources/ReferenceImages/PlantID/SlenderWheatgrass/seven.jpg,,,100%,image-local,,,Agropyron trachycaulus (old: trachycaulum)/Slender Wheatgrass,,,,
resources/ReferenceImages/PlantID/SlenderWheatgrass/eight.jpg,,,100%,image-local,,,Agropyron trachycaulus (old: trachycaulum)/Slender Wheatgrass,,,,
resources/ReferenceImages/PlantID/Redtop/one.jpg,,,100%,image-local,,,Agrostis gigantea/Redtop,,,,
resources/ReferenceImages/PlantID/Redtop/two.jpg,,,100%,image-local,,,Agrostis gigantea/Redtop,,,,
resources/ReferenceImages/PlantID/Redtop/three.jpg,,,100%,image-local,,,Agrostis gigantea/Redtop,,,,
resources/ReferenceImages/PlantID/CreepingBent/one.jpg,,,100%,image-local,,,Agrostis stolonifera/Creeping bentgrass / Meadow bent,,,,
resources/ReferenceImages/PlantID/CreepingBent/two.jpg,,,100%,image-local,,,Agrostis stolonifera/Creeping bentgrass / Meadow bent,,,,
resources/ReferenceImages/PlantID/CreepingBent/three.jpg,,,100%,image-local,,,Agrostis stolonifera/Creeping bentgrass / Meadow bent,,,,
resources/ReferenceImages/PlantID/CreepingBent/four.jpg,,,100%,image-local,,,Agrostis stolonifera/Creeping bentgrass / Meadow bent,,,,
resources/ReferenceImages/PlantID/CreepingBent/five.jpg,,,100%,image-local,,,Agrostis stolonifera/Creeping bentgrass / Meadow bent,,,,
resources/ReferenceImages/PlantID/CreepingBent/six.jpg,,,100%,image-local,,,Agrostis stolonifera/Creeping bentgrass / Meadow bent,,,,
resources/ReferenceImages/PlantID/BigBluestem/one.jpg,,,100%,image-local,,,Andropogon gerardii Vitman /Big Bluestem,,,,
resources/ReferenceImages/PlantID/BigBluestem/two.jpg,,,100%,image-local,,,Andropogon gerardii Vitman /Big Bluestem,,,,
resources/ReferenceImages/PlantID/BigBluestem/three.jpg,,,100%,image-local,,,Andropogon gerardii Vitman /Big Bluestem,,,,
resources/ReferenceImages/PlantID/BigBluestem/four.jpg,,,100%,image-local,,,Andropogon gerardii Vitman /Big Bluestem,,,,
resources/ReferenceImages/PlantID/BigBluestem/five.jpg,,,200%,image-local,,,Andropogon gerardii Vitman /Big Bluestem,,,,
resources/ReferenceImages/PlantID/BigBluestem/six.jpg,,,300%,image-local,,,Andropogon gerardii Vitman /Big Bluestem,,,,
resources/ReferenceImages/PlantID/BigBluestem/seven.jpg,,,400%,image-local,,,Andropogon gerardii Vitman /Big Bluestem,,,,
resources/ReferenceImages/PlantID/BigBluestem/eight.jpg,,,500%,image-local,,,Andropogon gerardii Vitman /Big Bluestem,,,,
resources/ReferenceImages/PlantID/SweetVernalGrass/one.jpg,,,100%,image-local,,,Anthoxanthum odoratum/Sweet vernal grass,,,,
resources/ReferenceImages/PlantID/SweetVernalGrass/two.jpg,,,100%,image-local,,,Anthoxanthum odoratum/Sweet vernal grass,,,,
resources/ReferenceImages/PlantID/SweetVernalGrass/three.jpg,,,100%,image-local,,,Anthoxanthum odoratum/Sweet vernal grass,,,,
resources/ReferenceImages/PlantID/SweetVernalGrass/four.jpg,,,100%,image-local,,,Anthoxanthum odoratum/Sweet vernal grass,,,,
resources/ReferenceImages/PlantID/SweetVernalGrass/five.jpg,,,100%,image-local,,,Anthoxanthum odoratum/Sweet vernal grass,,,,
resources/ReferenceImages/PlantID/Wavyhair/one.jpg,,,100%,image-local,,,Deschampsia flexuosa (old: Avenella flexuosa)/Wavy hair-grass,,,,
resources/ReferenceImages/PlantID/Wavyhair/two.jpg,,,100%,image-local,,,Deschampsia flexuosa (old: Avenella flexuosa)/Wavy hair-grass,,,,
resources/ReferenceImages/PlantID/Wavyhair/three.jpg,,,100%,image-local,,,Deschampsia flexuosa (old: Avenella flexuosa)/Wavy hair-grass,,,,
resources/ReferenceImages/PlantID/SideoatsGrama/one.jpg,,,100%,image-local,,,Bouteloua curtipendula (Michx.) Torr./Sideoats Grama,,,,
resources/ReferenceImages/PlantID/SideoatsGrama/two.jpg,,,100%,image-local,,,Bouteloua curtipendula (Michx.) Torr./Sideoats Grama,,,,
resources/ReferenceImages/PlantID/SideoatsGrama/three.jpg,,,100%,image-local,,,Bouteloua curtipendula (Michx.) Torr./Sideoats Grama,,,,
resources/ReferenceImages/PlantID/SideoatsGrama/four.jpg,,,100%,image-local,,,Bouteloua curtipendula (Michx.) Torr./Sideoats Grama,,,,
resources/ReferenceImages/PlantID/SideoatsGrama/five.jpg,,,100%,image-local,,,Bouteloua curtipendula (Michx.) Torr./Sideoats Grama,,,,
resources/ReferenceImages/PlantID/BlueGrama/one.jpg,,,100%,image-local,,,Bouteloua gracilis/Blue Grama,,,,
resources/ReferenceImages/PlantID/BlueGrama/two.jpg,,,100%,image-local,,,Bouteloua gracilis/Blue Grama,,,,
resources/ReferenceImages/PlantID/BlueGrama/three.jpg,,,100%,image-local,,,Bouteloua gracilis/Blue Grama,,,,
resources/ReferenceImages/PlantID/MeadowBromeBiebersteinii/one.jpg,,,100%,image-local,,,Bromus biebersteinii Roem. & Schult. /Meadow Brome ,,,,
resources/ReferenceImages/PlantID/MeadowBromeBiebersteinii/two.png,,,100%,image-local,,,Bromus biebersteinii Roem. & Schult. /Meadow Brome ,,,,
resources/ReferenceImages/PlantID/MeadowBromeBiebersteinii/three.png,,,100%,image-local,,,Bromus biebersteinii Roem. & Schult. /Meadow Brome ,,,,
resources/ReferenceImages/PlantID/MeadowBromeBiebersteinii/four.jpg,,,100%,image-local,,,Bromus biebersteinii Roem. & Schult. /Meadow Brome ,,,,
resources/ReferenceImages/PlantID/MeadowBromeBiebersteinii/five.jpg,,,100%,image-local,,,Bromus biebersteinii Roem. & Schult. /Meadow Brome ,,,,
resources/ReferenceImages/PlantID/MeadowBromeBiebersteinii/six.jpg,,,100%,image-local,,,Bromus biebersteinii Roem. & Schult. /Meadow Brome ,,,,
resources/ReferenceImages/PlantID/MeadowBromeBiebersteinii/seven.png,,,100%,image-local,,,Bromus biebersteinii Roem. & Schult. /Meadow Brome ,,,,
resources/ReferenceImages/PlantID/MeadowBromeBiebersteinii/eight.png,,,100%,image-local,,,Bromus biebersteinii Roem. & Schult. /Meadow Brome ,,,,
resources/ReferenceImages/PlantID/MeadowBromeBiebersteinii/nine.jpg,,,100%,image-local,,,Bromus biebersteinii Roem. & Schult. /Meadow Brome ,,,,
resources/ReferenceImages/PlantID/SmoothBrome/one.jpg,,,100%,image-local,,,Bromus inermis Leyss/Smooth Brome,,,,
resources/ReferenceImages/PlantID/SmoothBrome/two.jpg,,,100%,image-local,,,Bromus inermis Leyss/Smooth Brome,,,,
resources/ReferenceImages/PlantID/SmoothBrome/three.jpg,,,100%,image-local,,,Bromus inermis Leyss/Smooth Brome,,,,
resources/ReferenceImages/PlantID/SmoothBrome/four.jpg,,,100%,image-local,,,Bromus inermis Leyss/Smooth Brome,,,,
resources/ReferenceImages/PlantID/SmoothBrome/fiv.png,,,100%,image-local,,,Bromus inermis Leyss/Smooth Brome,,,,
resources/ReferenceImages/PlantID/SmoothBrome/six.png,,,200%,image-local,,,Bromus inermis Leyss/Smooth Brome,,,,
resources/ReferenceImages/PlantID/SmoothBrome/seven.png,,,300%,image-local,,,Bromus inermis Leyss/Smooth Brome,,,,
resources/ReferenceImages/PlantID/SmoothBrome/eight.png,,,400%,image-local,,,Bromus inermis Leyss/Smooth Brome,,,,
resources/ReferenceImages/PlantID/JapaneseBrome/one.jpg,,,100%,image-local,,,Bromus japonicus/Japanese brome or chess,,,,
resources/ReferenceImages/PlantID/JapaneseBrome/two.jpg,,,100%,image-local,,,Bromus japonicus/Japanese brome or chess,,,,
resources/ReferenceImages/PlantID/JapaneseBrome/three.jpg,,,100%,image-local,,,Bromus japonicus/Japanese brome or chess,,,,
resources/ReferenceImages/PlantID/JapaneseBrome/four.jpg,,,100%,image-local,,,Bromus japonicus/Japanese brome or chess,,,,
resources/ReferenceImages/PlantID/JapaneseBrome/five.jpg,,,100%,image-local,,,Bromus japonicus/Japanese brome or chess,,,,
resources/ReferenceImages/PlantID/JapaneseBrome/six.jpg,,,100%,image-local,,,Bromus japonicus/Japanese brome or chess,,,,
resources/ReferenceImages/PlantID/Barrenbrome/one.jpg,,,100%,image-local,,,Bromus sterilis/Barren brome or chess,,,,
resources/ReferenceImages/PlantID/Barrenbrome/two.png,,,100%,image-local,,,Bromus sterilis/Barren brome or chess,,,,
resources/ReferenceImages/PlantID/Barrenbrome/three.jpg,,,100%,image-local,,,Bromus sterilis/Barren brome or chess,,,,
resources/ReferenceImages/PlantID/Barrenbrome/four.jpg,,,100%,image-local,,,Bromus sterilis/Barren brome or chess,,,,
resources/ReferenceImages/PlantID/Orchardgrass/one.jpg,,,100%,image-local,,,Dactylis glomerata/Orchardgrass,,,,
resources/ReferenceImages/PlantID/Orchardgrass/two.jpg,,,100%,image-local,,,Dactylis glomerata/Orchardgrass,,,,
resources/ReferenceImages/PlantID/Orchardgrass/three.jpg,,,100%,image-local,,,Dactylis glomerata/Orchardgrass,,,,
resources/ReferenceImages/PlantID/Orchardgrass/four.jpg,,,100%,image-local,,,Dactylis glomerata/Orchardgrass,,,,
resources/ReferenceImages/PlantID/TallOatgrass/one.jpg,,,100%,image-local,,,Arrhenatherum elatius/Tall Oatgrass,,,,
resources/ReferenceImages/PlantID/TallOatgrass/two.jpg,,,100%,image-local,,,Arrhenatherum elatius/Tall Oatgrass,,,,
resources/ReferenceImages/PlantID/TallOatgrass/three.jpg,,,100%,image-local,,,Arrhenatherum elatius/Tall Oatgrass,,,,
resources/ReferenceImages/PlantID/TallOatgrass/four.jpg,,,100%,image-local,,,Arrhenatherum elatius/Tall Oatgrass,,,,
resources/ReferenceImages/PlantID/TallOatgrass/five.png,,,100%,image-local,,,Arrhenatherum elatius/Tall Oatgrass,,,,
resources/ReferenceImages/PlantID/TallOatgrass/six.jpg,,,100%,image-local,,,Arrhenatherum elatius/Tall Oatgrass,,,,
resources/ReferenceImages/PlantID/TallOatgrass/seven.jpg,,,100%,image-local,,,Arrhenatherum elatius/Tall Oatgrass,,,,
resources/ReferenceImages/PlantID/TallOatgrass/eight.jpg,,,100%,image-local,,,Arrhenatherum elatius/Tall Oatgrass,,,,
resources/ReferenceImages/PlantID/DeertongueGrass/one.jpg,,,100%,image-local,,,Dichanthelium clandestinum/Deertongue grass,,,,
resources/ReferenceImages/PlantID/DeertongueGrass/two.jpg,,,100%,image-local,,,Dichanthelium clandestinum/Deertongue grass,,,,
resources/ReferenceImages/PlantID/DeertongueGrass/three.jpg,,,100%,image-local,,,Dichanthelium clandestinum/Deertongue grass,,,,
resources/ReferenceImages/PlantID/DeertongueGrass/four.jpg,,,100%,image-local,,,Dichanthelium clandestinum/Deertongue grass,,,,
#resources/ReferenceImages/PlantID/Crabgrass/one.jpg,,,100%,image-local,,,Digitaria sp. (Assuming genus ischaemum),,,,
#resources/ReferenceImages/PlantID/Crabgrass/two.jpg,,,100%,image-local,,,Digitaria sp. (Assuming genus ischaemum),,,,
#resources/ReferenceImages/PlantID/Crabgrass/three.jpg,,,100%,image-local,,,Digitaria sp. (Assuming genus ischaemum),,,,
#resources/ReferenceImages/PlantID/Crabgrass/four.jpg,,,100%,image-local,,,Digitaria sp. (Assuming genus ischaemum),,,,
#resources/ReferenceImages/PlantID/Crabgrass/five.jpg,,,100%,image-local,,,Digitaria sp. (Assuming genus ischaemum),,,,
#resources/ReferenceImages/PlantID/Crabgrass/six.jpg,,,100%,image-local,,,Digitaria sp. (Assuming genus ischaemum),,,,
resources/ReferenceImages/PlantID/CanadaWildrye/one.jpg,,,100%,image-local,,,Elymus canadensis/Canada Wildrye,,,,
resources/ReferenceImages/PlantID/CanadaWildrye/two.jpg,,,100%,image-local,,,Elymus canadensis/Canada Wildrye,,,,
resources/ReferenceImages/PlantID/CanadaWildrye/three.jpg,,,100%,image-local,,,Elymus canadensis/Canada Wildrye,,,,
resources/ReferenceImages/PlantID/CanadaWildrye/four.jpg,,,100%,image-local,,,Elymus canadensis/Canada Wildrye,,,,
resources/ReferenceImages/PlantID/CanadaWildrye/five.jpg,,,100%,image-local,,,Elymus canadensis/Canada Wildrye,,,,
resources/ReferenceImages/PlantID/CanadaWildrye/six.jpg,,,100%,image-local,,,Elymus canadensis/Canada Wildrye,,,,
resources/ReferenceImages/PlantID/CanadaWildrye/seven.jpg,,,100%,image-local,,,Elymus canadensis/Canada Wildrye,,,,
resources/ReferenceImages/PlantID/CanadaWildrye/eight.jpg,,,100%,image-local,,,Elymus canadensis/Canada Wildrye,,,,
resources/ReferenceImages/PlantID/Bottlebrushgrass/one.jpg,,,100%,image-local,,,Elymus canadensis/Canada Wildrye,,,,
resources/ReferenceImages/PlantID/Bottlebrushgrass/two.jpg,,,100%,image-local,,,Elymus hystrix/Bottlebrush Grass,,,,
resources/ReferenceImages/PlantID/Bottlebrushgrass/three.jpg,,,100%,image-local,,,Elymus hystrix/Bottlebrush Grass,,,,
resources/ReferenceImages/PlantID/Bottlebrushgrass/four.jpg,,,100%,image-local,,,Elymus hystrix/Bottlebrush Grass,,,,
resources/ReferenceImages/PlantID/Bottlebrushgrass/five.jpg,,,100%,image-local,,,Elymus hystrix/Bottlebrush Grass,,,,
resources/ReferenceImages/PlantID/Bottlebrushgrass/six.jpg,,,100%,image-local,,,Elymus hystrix/Bottlebrush Grass,,,,
resources/ReferenceImages/PlantID/Bottlebrushgrass/seven.jpg,,,100%,image-local,,,Elymus hystrix/Bottlebrush Grass,,,,
resources/ReferenceImages/PlantID/Bottlebrushgrass/eight.jpg,,,100%,image-local,,,Elymus hystrix/Bottlebrush Grass,,,,
resources/ReferenceImages/PlantID/Bottlebrushgrass/nine.jpg,,,100%,image-local,,,Elymus hystrix/Bottlebrush Grass,,,,
resources/ReferenceImages/PlantID/Quackgrass/one.jpg,,,100%,image-local,,,Elymus repens/Quackgrass,,,,
resources/ReferenceImages/PlantID/Quackgrass/two.jpg,,,100%,image-local,,,Elymus repens/Quackgrass,,,,
resources/ReferenceImages/PlantID/Quackgrass/three.jpg,,,100%,image-local,,,Elymus repens/Quackgrass,,,,
resources/ReferenceImages/PlantID/Quackgrass/four.jpg,,,100%,image-local,,,Elymus repens/Quackgrass,,,,
resources/ReferenceImages/PlantID/Quackgrass/five.jpg,,,100%,image-local,,,Elymus repens/Quackgrass,,,,
resources/ReferenceImages/PlantID/Quackgrass/six.jpg,,,100%,image-local,,,Elymus repens/Quackgrass,,,,
resources/ReferenceImages/PlantID/Quackgrass/seven.jpg,,,100%,image-local,,,Elymus repens/Quackgrass,,,,
resources/ReferenceImages/PlantID/Quackgrass/eight.jpg,,,100%,image-local,,,Elymus repens/Quackgrass,,,,
resources/ReferenceImages/PlantID/VirginiaWildrye/one.jpg,,,100%,image-local,,,Elymus virginicus L. (PA ecotype)/Virginia Wildrye,,,,
resources/ReferenceImages/PlantID/VirginiaWildrye/two.jpg,,,100%,image-local,,,Elymus virginicus L. (PA ecotype)/Virginia Wildrye,,,,
resources/ReferenceImages/PlantID/VirginiaWildrye/three.png,,,100%,image-local,,,Elymus virginicus L. (PA ecotype)/Virginia Wildrye,,,,
resources/ReferenceImages/PlantID/VirginiaWildrye/four.jpg,,,100%,image-local,,,Elymus virginicus L. (PA ecotype)/Virginia Wildrye,,,,
resources/ReferenceImages/PlantID/VirginiaWildrye/five.jpg,,,100%,image-local,,,Elymus virginicus L. (PA ecotype)/Virginia Wildrye,,,,
resources/ReferenceImages/PlantID/VirginiaWildrye/six.jpg,,,100%,image-local,,,Elymus virginicus L. (PA ecotype)/Virginia Wildrye,,,,
resources/ReferenceImages/PlantID/VirginiaWildrye/seven.jpg,,,100%,image-local,,,Elymus virginicus L. (PA ecotype)/Virginia Wildrye,,,,
resources/ReferenceImages/PlantID/VirginiaWildrye/eight.jpg,,,100%,image-local,,,Elymus virginicus L. (PA ecotype)/Virginia Wildrye,,,,
resources/ReferenceImages/PlantID/VirginiaWildrye/nine.jpg,,,100%,image-local,,,Elymus virginicus L. (PA ecotype)/Virginia Wildrye,,,,
resources/ReferenceImages/PlantID/TallFescue/one.png,,,100%,image-local,,,Festuca arundinacea/Tall fescue,,,,
resources/ReferenceImages/PlantID/TallFescue/two.jpg,,,100%,image-local,,,Festuca arundinacea/Tall fescue,,,,
resources/ReferenceImages/PlantID/TallFescue/three.jpg,,,100%,image-local,,,Festuca arundinacea/Tall fescue,,,,
resources/ReferenceImages/PlantID/TallFescue/four.jpg,,,100%,image-local,,,Festuca arundinacea/Tall fescue,,,,
resources/ReferenceImages/PlantID/TallFescue/five.jpg,,,100%,image-local,,,Festuca arundinacea/Tall fescue,,,,
resources/ReferenceImages/PlantID/TallFescue/six.jpg,,,100%,image-local,,,Festuca arundinacea/Tall fescue,,,,
resources/ReferenceImages/PlantID/TallFescue/seven.jpg,,,100%,image-local,,,Festuca arundinacea/Tall fescue,,,,
resources/ReferenceImages/PlantID/FowlMannagrass/one.jpg,,,100%,image-local,,,Glyceria Striata/Fowl Mannagrass,,,,
resources/ReferenceImages/PlantID/FowlMannagrass/two.jpg,,,100%,image-local,,,Glyceria Striata/Fowl Mannagrass,,,,
resources/ReferenceImages/PlantID/FowlMannagrass/three.jpg,,,100%,image-local,,,Glyceria Striata/Fowl Mannagrass,,,,
resources/ReferenceImages/PlantID/FowlMannagrass/four.jpg,,,100%,image-local,,,Glyceria Striata/Fowl Mannagrass,,,,
resources/ReferenceImages/PlantID/FowlMannagrass/five.jpg,,,100%,image-local,,,Glyceria Striata/Fowl Mannagrass,,,,
resources/ReferenceImages/PlantID/FowlMannagrass/six.jpg,,,100%,image-local,,,Glyceria Striata/Fowl Mannagrass,,,,
resources/ReferenceImages/PlantID/FowlMannagrass/seven.jpg,,,100%,image-local,,,Glyceria Striata/Fowl Mannagrass,,,,
resources/ReferenceImages/PlantID/HolcusLanatus/one.jpg,,,100%,image-local,,,Holcus lanatus/Velvetgrass,,,,
resources/ReferenceImages/PlantID/HolcusLanatus/two.jpg,,,100%,image-local,,,Holcus lanatus/Velvetgrass,,,,
resources/ReferenceImages/PlantID/HolcusLanatus/three.jpg,,,100%,image-local,,,Holcus lanatus/Velvetgrass,,,,
resources/ReferenceImages/PlantID/HolcusLanatus/four.jpg,,,100%,image-local,,,Holcus lanatus/Velvetgrass,,,,
resources/ReferenceImages/PlantID/HolcusLanatus/five.png,,,100%,image-local,,,Holcus lanatus/Velvetgrass,,,,
resources/ReferenceImages/PlantID/HolcusLanatus/six.jpg,,,100%,image-local,,,Holcus lanatus/Velvetgrass,,,,
resources/ReferenceImages/PlantID/HolcusLanatus/seven.jpg,,,100%,image-local,,,Holcus lanatus/Velvetgrass,,,,
resources/ReferenceImages/PlantID/FalseMouseBarley/one.jpg,,,100%,image-local,,"Barleys include species from the genus Hordeum. These spike-like grasses have their small spikelets arranged together in triplets, held together by a short stalk. Each triplet is positioned on top of another, creating a spike. When the spikelets are mature, the triplets readily break off. Hordeum species are annuals, or occasionally longer-lived perennials.

Each spikelet within a triplet has only 1 floret, which is rounded and hard. The glumes are equal in length, very narrow and often long-awned. The lemmas have long- very long awns arising from the tips.",Hordeum murinum/False barley; Mouse Barley,,,,
resources/ReferenceImages/PlantID/FalseMouseBarley/two.jpg,,,100%,image-local,,"This is Hordeum murinum or Wall Barley. This common species is a stout spike comprised of stacked triplets of spikelets. The glumes are narrow and awned. The lemmas have very long awns, around four times longer than the rest of the lemma. An annual species found on waste-ground and road-sides.",Hordeum murinum/False barley; Mouse Barley,,,,
resources/ReferenceImages/PlantID/FalseMouseBarley/three.jpg,,,100%,image-local,,,Hordeum murinum/False barley; Mouse Barley,,,,
resources/ReferenceImages/PlantID/FalseMouseBarley/four.jpg,,,100%,image-local,,,Hordeum murinum/False barley; Mouse Barley,,,,
resources/ReferenceImages/PlantID/FalseMouseBarley/five.jpg,,,100%,image-local,,,Hordeum murinum/False barley; Mouse Barley,,,,
resources/ReferenceImages/PlantID/FalseMouseBarley/six.jpg,,,100%,image-local,,,Hordeum murinum/False barley; Mouse Barley,,,,
resources/ReferenceImages/PlantID/LittleBluestem/one.jpg,,,100%,image-local,,,Schizachyrium scoparium (Michx.) Nash/Little Bluestem,,,,
resources/ReferenceImages/PlantID/LittleBluestem/two.jpg,,,100%,image-local,,,Schizachyrium scoparium (Michx.) Nash/Little Bluestem,,,,
resources/ReferenceImages/PlantID/LittleBluestem/three.jpg,,,100%,image-local,,,Schizachyrium scoparium (Michx.) Nash/Little Bluestem,,,,
resources/ReferenceImages/PlantID/LittleBluestem/four.jpg,,,100%,image-local,,,Schizachyrium scoparium (Michx.) Nash/Little Bluestem,,,,
resources/ReferenceImages/PlantID/AnnualRyegrass/one.jpg,,,100%,image-local,,,Lolium multiflorum/Annual ryegrass,,,,
resources/ReferenceImages/PlantID/AnnualRyegrass/two.jpg,,,100%,image-local,,,Lolium multiflorum/Annual ryegrass,,,,
resources/ReferenceImages/PlantID/AnnualRyegrass/three.jpg,,,100%,image-local,,,Lolium multiflorum/Annual ryegrass,,,,
resources/ReferenceImages/PlantID/AnnualRyegrass/four.jpg,,,100%,image-local,,,Lolium multiflorum/Annual ryegrass,,,,
resources/ReferenceImages/PlantID/AnnualRyegrass/five.jpg,,,100%,image-local,,,Lolium multiflorum/Annual ryegrass,,,,
resources/ReferenceImages/PlantID/AnnualRyegrass/six.jpg,,,100%,image-local,,,Lolium multiflorum/Annual ryegrass,,,,
resources/ReferenceImages/PlantID/AnnualRyegrass/seven.jpg,,,100%,image-local,,,Lolium multiflorum/Annual ryegrass,,,,
resources/ReferenceImages/PlantID/AnnualRyegrass/eight.jpg,,,100%,image-local,,,Lolium multiflorum/Annual ryegrass,,,,
resources/ReferenceImages/PlantID/PerennialRyegrass/one.jpg,,,100%,image-local,,,Lolium perenne/Perennial ryegrass,,,,
resources/ReferenceImages/PlantID/PerennialRyegrass/two.jpg,,,100%,image-local,,,Lolium perenne/Perennial ryegrass,,,,
resources/ReferenceImages/PlantID/PerennialRyegrass/three.jpg,,,100%,image-local,,,Lolium perenne/Perennial ryegrass,,,,
resources/ReferenceImages/PlantID/PerennialRyegrass/four.jpg,,,100%,image-local,,,Lolium perenne/Perennial ryegrass,,,,
resources/ReferenceImages/PlantID/PerennialRyegrass/five.jpg,,,100%,image-local,,,Lolium perenne/Perennial ryegrass,,,,
resources/ReferenceImages/PlantID/PerennialRyegrass/six.jpg,,,100%,image-local,,,Lolium perenne/Perennial ryegrass,,,,
resources/ReferenceImages/PlantID/PerennialRyegrass/seven.jpg,,,100%,image-local,,,Lolium perenne/Perennial ryegrass,,,,
resources/ReferenceImages/PlantID/PerennialRyegrass/eight.jpg,,,100%,image-local,,,Lolium perenne/Perennial ryegrass,,,,
resources/ReferenceImages/PlantID/HybridRyegrassOahu/one.jpg,,,100%,image-local,,,Lolium perenne (per.ryegrass 75%) x Festuca perennis (italian 25%)/Hybrid Ryegrass,,,,
resources/ReferenceImages/PlantID/HybridRyegrassOahu/two.jpg,,,100%,image-local,,,Lolium perenne (per.ryegrass 75%) x Festuca perennis (italian 25%)/Hybrid Ryegrass,,,,
resources/ReferenceImages/PlantID/HybridRyegrassOahu/three.jpg,,,100%,image-local,,,Lolium perenne (per.ryegrass 75%) x Festuca perennis (italian 25%)/Hybrid Ryegrass,,,,
resources/ReferenceImages/PlantID/HybridRyegrassOahu/four.jpg,,,100%,image-local,,,Lolium perenne (per.ryegrass 75%) x Festuca perennis (italian 25%)/Hybrid Ryegrass,,,,
resources/ReferenceImages/PlantID/HybridRyegrassOahu/five.jpg,,,100%,image-local,,,Lolium perenne (per.ryegrass 75%) x Festuca perennis (italian 25%)/Hybrid Ryegrass,,,,
resources/ReferenceImages/PlantID/HybridRyegrassOahu/six.jpg,,,100%,image-local,,,Lolium perenne (per.ryegrass 75%) x Festuca perennis (italian 25%)/Hybrid Ryegrass,,,,
resources/ReferenceImages/PlantID/HybridRyegrassOahu/seven.jpg,,,100%,image-local,,,Lolium perenne (per.ryegrass 75%) x Festuca perennis (italian 25%)/Hybrid Ryegrass,,,,
resources/ReferenceImages/PlantID/JapaneseStiltgrass/one.jpg,,,100%,image-local,,,Microstegium vimineum/Japanese stiltgrass (in Phillips guide as var. imberbe Basketgrass),,,,
resources/ReferenceImages/PlantID/JapaneseStiltgrass/two.jpg,,,100%,image-local,,,Microstegium vimineum/Japanese stiltgrass (in Phillips guide as var. imberbe Basketgrass),,,,
resources/ReferenceImages/PlantID/JapaneseStiltgrass/three.jpg,,,100%,image-local,,,Microstegium vimineum/Japanese stiltgrass (in Phillips guide as var. imberbe Basketgrass),,,,
resources/ReferenceImages/PlantID/Nimblewill/one.jpg,,,100%,image-local,,,Muhlenbergia schreberi/Nimblewill,,,,
resources/ReferenceImages/PlantID/Nimblewill/two.jpg,,,100%,image-local,,,Muhlenbergia schreberi/Nimblewill,,,,
resources/ReferenceImages/PlantID/Nimblewill/three.jpg,,,100%,image-local,,,Muhlenbergia schreberi/Nimblewill,,,,
resources/ReferenceImages/PlantID/Nimblewill/four.jpg,,,100%,image-local,,,Muhlenbergia schreberi/Nimblewill,,,,
resources/ReferenceImages/PlantID/Nimblewill/five.jpg,,,100%,image-local,,,Muhlenbergia schreberi/Nimblewill,,,,
resources/ReferenceImages/PlantID/Nimblewill/six.jpg,,,100%,image-local,,,Muhlenbergia schreberi/Nimblewill,,,,
resources/ReferenceImages/PlantID/ReedCanarygrass/one.jpg,,,100%,image-local,,,Phalaris arundinacea/Reed canary grass,,,,
resources/ReferenceImages/PlantID/ReedCanarygrass/two.jpg,,,100%,image-local,,,Phalaris arundinacea/Reed canary grass,,,,
resources/ReferenceImages/PlantID/ReedCanarygrass/three.jpg,,,100%,image-local,,,Phalaris arundinacea/Reed canary grass,,,,
resources/ReferenceImages/PlantID/ReedCanarygrass/four.jpg,,,100%,image-local,,,Phalaris arundinacea/Reed canary grass,,,,
resources/ReferenceImages/PlantID/ReedCanarygrass/five.jpg,,,100%,image-local,,,Phalaris arundinacea/Reed canary grass,,,,
resources/ReferenceImages/PlantID/ReedCanarygrass/six.jpg,,,100%,image-local,,,Phalaris arundinacea/Reed canary grass,,,,
resources/ReferenceImages/PlantID/Timothy/one.jpg,,,100%,image-local,,"Grasses from the genus Phleum, include Cat’s-tails and Timothy. The inflorescence is a panicle which is so contracted it resembles a dense, cylindrical spike. The leaves are flat. Species are usually perennials, growing in tufts.

Spikelets contain 1 floret. Glumes are equal in length and have awns, giving the spikelet a horned appearance. The lemmas are always awn-less.",Phleum sp./Timothy,,,,
resources/ReferenceImages/PlantID/Timothy/two.jpg,,,100%,image-local,,"This is Phleum pratense or Timothy. A common species, up to 150cm tall, with a cylindrical spike, around 15cm long. The leaves are flat and ligules blunt. A tufted perennial growing in grassland and waste-land.",Phleum sp./Timothy,,,,
resources/ReferenceImages/PlantID/Timothy/three.jpg,,,100%,image-local,,,Phleum sp./Timothy,,,,
resources/ReferenceImages/PlantID/Timothy/four.jpg,,,100%,image-local,,,Phleum sp./Timothy,,,,
resources/ReferenceImages/PlantID/Timothy/five.jpg,,,100%,image-local,,,Phleum sp./Timothy,,,,
resources/ReferenceImages/PlantID/Timothy/six.png,,,100%,image-local,,,Phleum sp./Timothy,,,,
resources/ReferenceImages/PlantID/AnnualBluegrass/one.jpg,,,100%,image-local,,,Poa annua/Annual bluegrass,,,,
resources/ReferenceImages/PlantID/AnnualBluegrass/two.jpg,,,100%,image-local,,,Poa annua/Annual bluegrass,,,,
resources/ReferenceImages/PlantID/AnnualBluegrass/three.jpg,,,100%,image-local,,,Poa annua/Annual bluegrass,,,,
resources/ReferenceImages/PlantID/AnnualBluegrass/four.jpg,,,100%,image-local,,,Poa annua/Annual bluegrass,,,,
resources/ReferenceImages/PlantID/AnnualBluegrass/five.jpg,,,100%,image-local,,,Poa annua/Annual bluegrass,,,,
resources/ReferenceImages/PlantID/KentuckyBluegrass/one.jpg,,,100%,image-local,,,Poa pratensis/Kentucky bluegrass,,,,
resources/ReferenceImages/PlantID/KentuckyBluegrass/two.jpg,,,100%,image-local,,,Poa pratensis/Kentucky bluegrass,,,,
resources/ReferenceImages/PlantID/KentuckyBluegrass/three.jpg,,,100%,image-local,,,Poa pratensis/Kentucky bluegrass,,,,
resources/ReferenceImages/PlantID/KentuckyBluegrass/four.jpg,,,100%,image-local,,,Poa pratensis/Kentucky bluegrass,,,,
resources/ReferenceImages/PlantID/KentuckyBluegrass/five.jpg,,,100%,image-local,,,Poa pratensis/Kentucky bluegrass,,,,
resources/ReferenceImages/PlantID/KentuckyBluegrass/six.jpg,,,100%,image-local,,,Poa pratensis/Kentucky bluegrass,,,,
resources/ReferenceImages/PlantID/Intermediatewheatgrass/one.jpg,,,100%,image-local,,,Thinopyrum intermedium/Intermediate Wheatgrass,,,,
resources/ReferenceImages/PlantID/Intermediatewheatgrass/two.jpg,,,100%,image-local,,,Thinopyrum intermedium/Intermediate Wheatgrass,,,,
resources/ReferenceImages/PlantID/Intermediatewheatgrass/three.jpg,,,100%,image-local,,,Thinopyrum intermedium/Intermediate Wheatgrass,,,,
resources/ReferenceImages/PlantID/Intermediatewheatgrass/four.jpg,,,100%,image-local,,,Thinopyrum intermedium/Intermediate Wheatgrass,,,,
resources/ReferenceImages/PlantID/Intermediatewheatgrass/five.jpg,,,100%,image-local,,,Thinopyrum intermedium/Intermediate Wheatgrass,,,,
resources/ReferenceImages/PlantID/Intermediatewheatgrass/six.jpg,,,100%,image-local,,,Thinopyrum intermedium/Intermediate Wheatgrass,,,,
resources/ReferenceImages/PlantID/EasternGamagrass/one.jpg,,,100%,image-local,,,Tripsacum dactyloides (L.)/Eastern Gamagrass,,,,
resources/ReferenceImages/PlantID/EasternGamagrass/two.jpg,,,100%,image-local,,,Tripsacum dactyloides (L.)/Eastern Gamagrass,,,,
resources/ReferenceImages/PlantID/EasternGamagrass/three.jpg,,,100%,image-local,,,Tripsacum dactyloides (L.)/Eastern Gamagrass,,,,
resources/ReferenceImages/PlantID/EasternGamagrass/four.jpg,,,100%,image-local,,,Tripsacum dactyloides (L.)/Eastern Gamagrass,,,,
resources/ReferenceImages/PlantID/EasternGamagrass/five.jpg,,,100%,image-local,,,Tripsacum dactyloides (L.)/Eastern Gamagrass,,,,
resources/ReferenceImages/PlantID/MeadowFescue/one.jpg,,,100%,image-local,,,Festuce latior auct. Amer. aka Festuca pratensis/Meadow fescue,,,,
resources/ReferenceImages/PlantID/MeadowFescue/two.png,,,100%,image-local,,,Festuce latior auct. Amer. aka Festuca pratensis/Meadow fescue,,,,
resources/ReferenceImages/PlantID/MeadowFescue/three.jpg,,,100%,image-local,,,Festuce latior auct. Amer. aka Festuca pratensis/Meadow fescue,,,,
resources/ReferenceImages/PlantID/MeadowFescue/four.jpg,,,100%,image-local,,,Festuce latior auct. Amer. aka Festuca pratensis/Meadow fescue,,,,
resources/ReferenceImages/PlantID/MeadowFescue/five.jpg,,,100%,image-local,,,Festuce latior auct. Amer. aka Festuca pratensis/Meadow fescue,,,,
resources/ReferenceImages/PlantID/MeadowFescue/six.jpg,,,100%,image-local,,,Festuce latior auct. Amer. aka Festuca pratensis/Meadow fescue,,,,
resources/ReferenceImages/PlantID/MeadowFescue/seven.jpg,,,100%,image-local,,,Festuce latior auct. Amer. aka Festuca pratensis/Meadow fescue,,,,
resources/ReferenceImages/PlantID/MeadowFescue/eight.jpg,,,100%,image-local,,,Festuce latior auct. Amer. aka Festuca pratensis/Meadow fescue,,,,
resources/ReferenceImages/PlantID/MeadowFescue/nine.jpg,,,100%,image-local,,,Festuce latior auct. Amer. aka Festuca pratensis/Meadow fescue,,,,
resources/ReferenceImages/PlantID/MeadowFescue/10.jpg,,,100%,image-local,,,Festuce latior auct. Amer. aka Festuca pratensis/Meadow fescue,,,,
resources/ReferenceImages/PlantID/SmallCarpetgrass/one.jpg,,,100%,image-local,,,Anthraxon hispidus /Small carpetgrass,,,,
resources/ReferenceImages/PlantID/SmallCarpetgrass/two.jpg,,,100%,image-local,,,Anthraxon hispidus /Small carpetgrass,,,,
resources/ReferenceImages/PlantID/SmallCarpetgrass/three.jpg,,,100%,image-local,,,Anthraxon hispidus /Small carpetgrass,,,,
resources/ReferenceImages/PlantID/HairyseedPaspalum/one.jpg,,,100%,image-local,,,Paspalum pubiflorum/ Four-rowed bead grass / Hairyseed paspalum,,,,
resources/ReferenceImages/PlantID/HairyseedPaspalum/two.jpg,,,100%,image-local,,,Paspalum pubiflorum/ Four-rowed bead grass / Hairyseed paspalum,,,,
resources/ReferenceImages/PlantID/HairyseedPaspalum/three.jpg,,,100%,image-local,,,Paspalum pubiflorum/ Four-rowed bead grass / Hairyseed paspalum,,,,
resources/ReferenceImages/PlantID/HairyseedPaspalum/four.jpg,,,100%,image-local,,,Paspalum pubiflorum/ Four-rowed bead grass / Hairyseed paspalum,,,,
resources/ReferenceImages/PlantID/HairyseedPaspalum/five.jpg,,,100%,image-local,,,Paspalum pubiflorum/ Four-rowed bead grass / Hairyseed paspalum,,,,
resources/ReferenceImages/PlantID/HairyseedPaspalum/six.jpg,,,100%,image-local,,,Paspalum pubiflorum/ Four-rowed bead grass / Hairyseed paspalum,,,,
resources/ReferenceImages/PlantID/HairyseedPaspalum/seven.jpg,,,100%,image-local,,,Paspalum pubiflorum/ Four-rowed bead grass / Hairyseed paspalum,,,,
resources/ReferenceImages/PlantID/NoddingFescue/one.jpg,,,100%,image-local,,,Festuca subverticillata/Nodding fescue,,,,
resources/ReferenceImages/PlantID/NoddingFescue/two.jpg,,,100%,image-local,,,Festuca subverticillata/Nodding fescue,,,,
resources/ReferenceImages/PlantID/NoddingFescue/three.jpg,,,100%,image-local,,,Festuca subverticillata/Nodding fescue,,,,
resources/ReferenceImages/PlantID/StarvedPanic/one.jpg,,,100%,image-local,,,Dichanthelium depauperatum/Starved Witchgrass,,,,
resources/ReferenceImages/PlantID/BoscsWitch/one.jpg,,,100%,image-local,,,Dichanthelium boscii/Bosc's Witchgrass,,,,
resources/ReferenceImages/PlantID/BoscsWitch/two.jpg,,,100%,image-local,,,Dichanthelium boscii/Bosc's Witchgrass,,,,
resources/ReferenceImages/PlantID/BoscsWitch/three.jpg,,,100%,image-local,,,Dichanthelium boscii/Bosc's Witchgrass,,,,
resources/ReferenceImages/PlantID/HairyRosettePanic/one.jpg,,,100%,image-local,,,Dichanthelium acuminutan/Hairy rosette-panicgrass,,,,
resources/ReferenceImages/PlantID/HairyRosettePanic/two.jpg,,,100%,image-local,,,Dichanthelium acuminutan/Hairy rosette-panicgrass,,,,
resources/ReferenceImages/PlantID/HairyRosettePanic/three.jpg,,,100%,image-local,,,Dichanthelium acuminutan/Hairy rosette-panicgrass,,,,
resources/ReferenceImages/PlantID/HairyRosettePanic/four.jpg,,,100%,image-local,,,Dichanthelium acuminutan/Hairy rosette-panicgrass,,,,
resources/ReferenceImages/PlantID/Indiangrass/one.jpg,,,100%,image-local,,,Sorghastrum nutans (L.) Nash/Indiangrass,,,,
resources/ReferenceImages/PlantID/Indiangrass/two.jpg,,,100%,image-local,,,Sorghastrum nutans (L.) Nash/Indiangrass,,,,
resources/ReferenceImages/PlantID/Indiangrass/three.jpg,,,100%,image-local,,,Sorghastrum nutans (L.) Nash/Indiangrass,,,,
resources/ReferenceImages/PlantID/Indiangrass/four.png,,,100%,image-local,,,Sorghastrum nutans (L.) Nash/Indiangrass,,,,
resources/ReferenceImages/PlantID/Indiangrass/five.png,,,100%,image-local,,,Sorghastrum nutans (L.) Nash/Indiangrass,,,,
resources/ReferenceImages/PlantID/Indiangrass/six.jpg,,,100%,image-local,,,Sorghastrum nutans (L.) Nash/Indiangrass,,,,
resources/ReferenceImages/PlantID/Witchgrass/one.jpg,,,100%,image-local,,,Panicum capillare/Witchgrass,,,,
resources/ReferenceImages/PlantID/Witchgrass/two.jfif,,,100%,image-local,,,Panicum capillare/Witchgrass,,,,
resources/ReferenceImages/PlantID/Witchgrass/three.jfif,,,100%,image-local,,,Panicum capillare/Witchgrass,,,,
resources/ReferenceImages/PlantID/Witchgrass/four.jfif,,,100%,image-local,,,Panicum capillare/Witchgrass,,,,
resources/ReferenceImages/PlantID/Witchgrass/five.jpg,,,100%,image-local,,,Panicum capillare/Witchgrass,,,,
resources/ReferenceImages/PlantID/Witchgrass/six.jpg,,,100%,image-local,,,Panicum capillare/Witchgrass,,,,
resources/ReferenceImages/PlantID/Witchgrass/seven.jpg,,,100%,image-local,,,Panicum capillare/Witchgrass,,,,
resources/ReferenceImages/PlantID/SmoothCrab/one.jfif,,,100%,image-local,,,Digitaria ischaemum/Smooth Crabgrass,,,,
resources/ReferenceImages/PlantID/SmoothCrab/two.jfif,,,100%,image-local,,,Digitaria ischaemum/Smooth Crabgrass,,,,
resources/ReferenceImages/PlantID/SmoothCrab/three.jfif,,,100%,image-local,,,Digitaria ischaemum/Smooth Crabgrass,,,,
resources/ReferenceImages/PlantID/SmoothCrab/four.jfif,,,100%,image-local,,,Digitaria ischaemum/Smooth Crabgrass,,,,
resources/ReferenceImages/PlantID/SmoothCrab/five.jfif,,,100%,image-local,,,Digitaria ischaemum/Smooth Crabgrass,,,,
resources/ReferenceImages/PlantID/SmoothCrab/six.jfif,,,100%,image-local,,,Digitaria ischaemum/Smooth Crabgrass,,,,
resources/ReferenceImages/PlantID/Purpletop/one.jfif,,,100%,image-local,,,Tridens flavus/Purpletop; Grease grass,,,,
resources/ReferenceImages/PlantID/Purpletop/two.jfif,,,100%,image-local,,,Tridens flavus/Purpletop; Grease grass,,,,
resources/ReferenceImages/PlantID/Purpletop/three.jfif,,,100%,image-local,,,Tridens flavus/Purpletop; Grease grass,,,,
resources/ReferenceImages/PlantID/Purpletop/four.jfif,,,100%,image-local,,,Tridens flavus/Purpletop; Grease grass,,,,
resources/ReferenceImages/PlantID/Johnsongrass/one.jfif,,,100%,image-local,,,Tridens flavus/Purpletop; Grease grass,,,,
resources/ReferenceImages/PlantID/Johnsongrass/two.jfif,,,100%,image-local,,,Sorghum halepense/Johnsongrass,,,,
resources/ReferenceImages/PlantID/Johnsongrass/three.jfif,,,100%,image-local,,,Sorghum halepense/Johnsongrass,,,,
resources/ReferenceImages/PlantID/Johnsongrass/four.jfif,,,100%,image-local,,,Sorghum halepense/Johnsongrass,,,,
resources/ReferenceImages/PlantID/Johnsongrass/five.jfif,,,100%,image-local,,,Sorghum halepense/Johnsongrass,,,,
resources/ReferenceImages/PlantID/Johnsongrass/six.jfif,,,100%,image-local,,,Sorghum halepense/Johnsongrass,,,,
resources/ReferenceImages/PlantID/Johnsongrass/seven.jfif,,,100%,image-local,,,Sorghum halepense/Johnsongrass,,,,
resources/ReferenceImages/PlantID/Goosegrass/one.jfif,,,100%,image-local,,,Eleusine indica/Goosegrass,,,,
resources/ReferenceImages/PlantID/Goosegrass/two.jfif,,,100%,image-local,,,Eleusine indica/Goosegrass,,,,
resources/ReferenceImages/PlantID/Goosegrass/three.jfif,,,100%,image-local,,,Eleusine indica/Goosegrass,,,,
resources/ReferenceImages/PlantID/Goosegrass/four.jfif,,,100%,image-local,,,Eleusine indica/Goosegrass,,,,
resources/ReferenceImages/PlantID/Goosegrass/five.jfif,,,100%,image-local,,,Eleusine indica/Goosegrass,,,,
resources/ReferenceImages/PlantID/Goosegrass/six.jfif,,,100%,image-local,,,Eleusine indica/Goosegrass,,,,
resources/ReferenceImages/PlantID/FallPanicgrass/one.jfif,,,100%,image-local,,,Panicum dichotomiflorum/Fall Panicgrass/Smooth Witchgrass,,,,
resources/ReferenceImages/PlantID/FallPanicgrass/two.jfif,,,100%,image-local,,,Panicum dichotomiflorum/Fall Panicgrass/Smooth Witchgrass,,,,
resources/ReferenceImages/PlantID/FallPanicgrass/three.jfif,,,100%,image-local,,,Panicum dichotomiflorum/Fall Panicgrass/Smooth Witchgrass,,,,
resources/ReferenceImages/PlantID/FallPanicgrass/four.jfif,,,100%,image-local,,,Panicum dichotomiflorum/Fall Panicgrass/Smooth Witchgrass,,,,
resources/ReferenceImages/PlantID/FallPanicgrass/five.jfif,,,100%,image-local,,,Panicum dichotomiflorum/Fall Panicgrass/Smooth Witchgrass,,,,
resources/ReferenceImages/PlantID/FallPanicgrass/six.jfif,,,100%,image-local,,,Panicum dichotomiflorum/Fall Panicgrass/Smooth Witchgrass,,,,
resources/ReferenceImages/PlantID/BeakedPanic/one.jpg,,,100%,image-local,,,Panicum anceps (Coleataenia anceps)/Flat-stemmed panicgrass; Beaked Panicgrass,,,,
resources/ReferenceImages/PlantID/BeakedPanic/two.jpg,,,100%,image-local,,,Panicum anceps (Coleataenia anceps)/Flat-stemmed panicgrass; Beaked Panicgrass,,,,
resources/ReferenceImages/PlantID/BeakedPanic/three.jpg,,,100%,image-local,,,Panicum anceps (Coleataenia anceps)/Flat-stemmed panicgrass; Beaked Panicgrass,,,,
resources/ReferenceImages/PlantID/BeakedPanic/four.jpg,,,100%,image-local,,,Panicum anceps (Coleataenia anceps)/Flat-stemmed panicgrass; Beaked Panicgrass,,,,
resources/ReferenceImages/PlantID/BarnyardGrass/one.jfif,,,100%,image-local,,,Echinochloa crus-gali or muricata/Barnyard Grass,,,,
resources/ReferenceImages/PlantID/BarnyardGrass/two.jpg,,,100%,image-local,,,Echinochloa crus-gali or muricata/Barnyard Grass,,,,
resources/ReferenceImages/PlantID/BarnyardGrass/three.jpg,,,100%,image-local,,,Echinochloa crus-gali or muricata/Barnyard Grass,,,,
resources/ReferenceImages/PlantID/BarnyardGrass/four.jpg,,,100%,image-local,,,Echinochloa crus-gali or muricata/Barnyard Grass,,,,
resources/ReferenceImages/PlantID/BarnyardGrass/four.jpg,,,100%,image-local,,,Echinochloa crus-gali or muricata/Barnyard Grass,,,,
,,,,,,,,,,,
,,,,,,,,,,,
,,,,,,,,,,,
,,,,,,,,,,,
,,,,,,,,,,,
,,,,,,,,,,,
,,,,,,,,,,,
,,,,,,,,,,,
,,,,,,,,,,,
,,,,,,,,,,,
,,,,,,,,,,,
,,,,,,,,,,,
,,,,,,,,,,,
,,,,,,,,,,,
,,,,,,,,,,,
,,,,,,,,,,,
,,,,,,,,,,,
,,,,,,,,,,,
,,,,,,,,,,,
,,,,,,,,,,,
,,,,,,,,,,,
,,,,,,,,,,,
,,,,,,,,,,,
,,,,,,,,,,,
,,,,,,,,,,,
,,,,,,,,,,,
,,,,,,,,,,,
,,,,,,,,,,,
,,,,,,,,,,,
,,,,,,,,,,,
,,,,,,,,,,,
,,,,,,,,,,,
,,,,,,,,,,,
,,,,,,,,,,,
,,,,,,,,,,,
,,,,,,,,,,,
,,,,,,,,,,,
,,,,,,,,,,,
,,,,,,,,,,,
,,,,,,,,,,,
,,,,,,,,,,,
,,,,,,,,,,,
,,,,,,,,,,,
,,,,,,,,,,,
,,,,,,,,,,,
,,,,,,,,,,,
,,,,,,,,,,,
,,,,,,,,,,,
,,,,,,,,,,,
,,,,,,,,,,,
,,,,,,,,,,,
,,,,,,,,,,,
,,,,,,,,,,,
,,,,,,,,,,,
,,,,,,,,,,,
,,,,,,,,,,,
,,,,,,,,,,,
,,,,,,,,,,,
,,,,,,,,,,,
,,,,,,,,,,,
,,,,,,,,,,,
,,,,,,,,,,,
,,,,,,,,,,,
,,,,,,,,,,,
,,,,,,,,,,,
,,,,,,,,,,,
,,,,,,,,,,,
,,,,,,,,,,,
,,,,,,,,,,,
,,,,,,,,,,,
,,,,,,,,,,,
,,,,,,,,,,,
,,,,,,,,,,,
,,,,,,,,,,,
,,,,,,,,,,,
,,,,,,,,,,,
,,,,,,,,,,,
,,,,,,,,,,,
,,,,,,,,,,,
,,,,,,,,,,,
,,,,,,,,,,,
,,,,,,,,,,,
,,,,,,,,,,,
,,,,,,,,,,,
,,,,,,,,,,,
,,,,,,,,,,,
,,,,,,,,,,,
,,,,,,,,,,,
,,,,,,,,,,,
,,,,,,,,,,,
,,,,,,,,,,,
,,,,,,,,,,,
,,,,,,,,,,,
,,,,,,,,,,,
,,,,,,,,,,,
,,,,,,,,,,,
,,,,,,,,,,,
,,,,,,,,,,,
,,,,,,,,,,,
,,,,,,,,,,,
,,,,,,,,,,,
,,,,,,,,,,,
,,,,,,,,,,,
,,,,,,,,,,,
,,,,,,,,,,,
,,,,,,,,,,,
,,,,,,,,,,,
,,,,,,,,,,,
,,,,,,,,,,,
,,,,,,,,,,,
,,,,,,,,,,,
,,,,,,,,,,,
,,,,,,,,,,,
,,,,,,,,,,,
,,,,,,,,,,,
,,,,,,,,,,,
,,,,,,,,,,,
,,,,,,,,,,,
,,,,,,,,,,,
,,,,,,,,,,,
,,,,,,,,,,,
,,,,,,,,,,,
,,,,,,,,,,,
,,,,,,,,,,,
,,,,,,,,,,,
,,,,,,,,,,,
,,,,,,,,,,,
,,,,,,,,,,,
,,,,,,,,,,,
,,,,,,,,,,,
,,,,,,,,,,,
,,,,,,,,,,,
,,,,,,,,,,,
,,,,,,,,,,,
,,,,,,,,,,,
,,,,,,,,,,,
,,,,,,,,,,,
,,,,,,,,,,,
,,,,,,,,,,,
,,,,,,,,,,,
,,,,,,,,,,,
,,,,,,,,,,,
,,,,,,,,,,,
,,,,,,,,,,,
,,,,,,,,,,,
,,,,,,,,,,,
,,,,,,,,,,,
,,,,,,,,,,,
,,,,,,,,,,,
,,,,,,,,,,,
,,,,,,,,,,,
,,,,,,,,,,,
,,,,,,,,,,,
,,,,,,,,,,,
,,,,,,,,,,,
,,,,,,,,,,,
,,,,,,,,,,,
,,,,,,,,,,,
,,,,,,,,,,,
,,,,,,,,,,,
,,,,,,,,,,,
,,,,,,,,,,,
,,,,,,,,,,,
,,,,,,,,,,,
,,,,,,,,,,,
,,,,,,,,,,,
,,,,,,,,,,,
,,,,,,,,,,,
,,,,,,,,,,,
,,,,,,,,,,,
,,,,,,,,,,,
,,,,,,,,,,,
,,,,,,,,,,,
,,,,,,,,,,,
,,,,,,,,,,,
,,,,,,,,,,,
,,,,,,,,,,,
,,,,,,,,,,,
,,,,,,,,,,,
,,,,,,,,,,,
,,,,,,,,,,,
,,,,,,,,,,,
,,,,,,,,,,,
,,,,,,,,,,,
,,,,,,,,,,,
,,,,,,,,,,,
,,,,,,,,,,,
,,,,,,,,,,,
,,,,,,,,,,,
,,,,,,,,,,,
,,,,,,,,,,,
,,,,,,,,,,,
,,,,,,,,,,,
,,,,,,,,,,,
,,,,,,,,,,,
,,,,,,,,,,,
,,,,,,,,,,,
,,,,,,,,,,,
,,,,,,,,,,,
,,,,,,,,,,,
,,,,,,,,,,,
,,,,,,,,,,,
,,,,,,,,,,,
,,,,,,,,,,,
,,,,,,,,,,,
,,,,,,,,,,,
,,,,,,,,,,,
,,,,,,,,,,,
,,,,,,,,,,,
,,,,,,,,,,,
,,,,,,,,,,,
,,,,,,,,,,,
,,,,,,,,,,,
,,,,,,,,,,,
,,,,,,,,,,,
,,,,,,,,,,,
,,,,,,,,,,,
,,,,,,,,,,,
,,,,,,,,,,,
,,,,,,,,,,,
,,,,,,,,,,,
,,,,,,,,,,,
,,,,,,,,,,,
,,,,,,,,,,,
,,,,,,,,,,,
,,,,,,,,,,,
,,,,,,,,,,,
,,,,,,,,,,,
,,,,,,,,,,,
,,,,,,,,,,,
,,,,,,,,,,,
,,,,,,,,,,,
,,,,,,,,,,,
,,,,,,,,,,,
,,,,,,,,,,,
,,,,,,,,,,,
,,,,,,,,,,,
,,,,,,,,,,,
,,,,,,,,,,,
,,,,,,,,,,,
,,,,,,,,,,,
,,,,,,,,,,,
,,,,,,,,,,,
,,,,,,,,,,,
,,,,,,,,,,,
,,,,,,,,,,,
,,,,,,,,,,,
,,,,,,,,,,,
,,,,,,,,,,,
,,,,,,,,,,,
,,,,,,,,,,,
,,,,,,,,,,,
,,,,,,,,,,,
,,,,,,,,,,,
,,,,,,,,,,,
,,,,,,,,,,,
,,,,,,,,,,,
,,,,,,,,,,,
,,,,,,,,,,,
,,,,,,,,,,,
,,,,,,,,,,,
,,,,,,,,,,,
,,,,,,,,,,,
,,,,,,,,,,,
,,,,,,,,,,,
,,,,,,,,,,,
,,,,,,,,,,,
,,,,,,,,,,,
,,,,,,,,,,,
,,,,,,,,,,,
,,,,,,,,,,,
,,,,,,,,,,,
,,,,,,,,,,,
,,,,,,,,,,,
,,,,,,,,,,,
,,,,,,,,,,,
,,,,,,,,,,,
,,,,,,,,,,,
,,,,,,,,,,,
,,,,,,,,,,,
,,,,,,,,,,,
,,,,,,,,,,,
,,,,,,,,,,,
,,,,,,,,,,,
,,,,,,,,,,,
,,,,,,,,,,,
,,,,,,,,,,,
,,,,,,,,,,,
,,,,,,,,,,,
,,,,,,,,,,,
,,,,,,,,,,,
,,,,,,,,,,,
,,,,,,,,,,,
,,,,,,,,,,,
,,,,,,,,,,,
,,,,,,,,,,,
,,,,,,,,,,,
,,,,,,,,,,,
,,,,,,,,,,,
,,,,,,,,,,,
,,,,,,,,,,,
,,,,,,,,,,,
,,,,,,,,,,,
,,,,,,,,,,,
,,,,,,,,,,,
,,,,,,,,,,,
,,,,,,,,,,,
,,,,,,,,,,,
,,,,,,,,,,,
,,,,,,,,,,,
,,,,,,,,,,,
,,,,,,,,,,,
,,,,,,,,,,,
,,,,,,,,,,,
,,,,,,,,,,,
,,,,,,,,,,,
,,,,,,,,,,,
,,,,,,,,,,,
,,,,,,,,,,,
,,,,,,,,,,,
,,,,,,,,,,,
,,,,,,,,,,,
,,,,,,,,,,,
,,,,,,,,,,,
,,,,,,,,,,,
,,,,,,,,,,,
,,,,,,,,,,,
,,,,,,,,,,,
,,,,,,,,,,,
,,,,,,,,,,,
,,,,,,,,,,,
,,,,,,,,,,,
,,,,,,,,,,,
,,,,,,,,,,,
,,,,,,,,,,,
,,,,,,,,,,,
,,,,,,,,,,,
,,,,,,,,,,,
,,,,,,,,,,,
,,,,,,,,,,,
,,,,,,,,,,,
,,,,,,,,,,,
,,,,,,,,,,,
,,,,,,,,,,,
,,,,,,,,,,,
,,,,,,,,,,,
,,,,,,,,,,,
,,,,,,,,,,,
,,,,,,,,,,,
,,,,,,,,,,,
,,,,,,,,,,,
,,,,,,,,,,,
,,,,,,,,,,,
,,,,,,,,,,,
,,,,,,,,,,,
,,,,,,,,,,,
,,,,,,,,,,,
,,,,,,,,,,,
,,,,,,,,,,,
,,,,,,,,,,,
,,,,,,,,,,,
,,,,,,,,,,,
,,,,,,,,,,,
,,,,,,,,,,,
,,,,,,,,,,,
,,,,,,,,,,,
,,,,,,,,,,,
,,,,,,,,,,,
,,,,,,,,,,,
,,,,,,,,,,,
,,,,,,,,,,,
,,,,,,,,,,,
,,,,,,,,,,,
,,,,,,,,,,,
,,,,,,,,,,,
,,,,,,,,,,,
,,,,,,,,,,,
,,,,,,,,,,,
,,,,,,,,,,,
,,,,,,,,,,,
,,,,,,,,,,,
,,,,,,,,,,,
,,,,,,,,,,,
,,,,,,,,,,,
,,,,,,,,,,,
,,,,,,,,,,,
,,,,,,,,,,,
,,,,,,,,,,,
,,,,,,,,,,,
,,,,,,,,,,,
,,,,,,,,,,,
,,,,,,,,,,,
,,,,,,,,,,,
,,,,,,,,,,,
,,,,,,,,,,,
,,,,,,,,,,,
,,,,,,,,,,,
,,,,,,,,,,,
,,,,,,,,,,,
,,,,,,,,,,,
,,,,,,,,,,,
,,,,,,,,,,,
,,,,,,,,,,,
,,,,,,,,,,,
,,,,,,,,,,,
,,,,,,,,,,,
,,,,,,,,,,,
,,,,,,,,,,,
,,,,,,,,,,,
,,,,,,,,,,,
,,,,,,,,,,,
,,,,,,,,,,,
,,,,,,,,,,,
,,,,,,,,,,,
,,,,,,,,,,,
,,,,,,,,,,,
,,,,,,,,,,,
,,,,,,,,,,,
,,,,,,,,,,,
,,,,,,,,,,,
,,,,,,,,,,,
,,,,,,,,,,,
,,,,,,,,,,,
,,,,,,,,,,,
,,,,,,,,,,,
,,,,,,,,,,,
,,,,,,,,,,,
,,,,,,,,,,,
,,,,,,,,,,,
,,,,,,,,,,,
,,,,,,,,,,,
,,,,,,,,,,,
,,,,,,,,,,,
,,,,,,,,,,,
,,,,,,,,,,,
,,,,,,,,,,,
,,,,,,,,,,,
,,,,,,,,,,,
,,,,,,,,,,,
,,,,,,,,,,,
,,,,,,,,,,,
,,,,,,,,,,,
,,,,,,,,,,,
,,,,,,,,,,,
,,,,,,,,,,,
,,,,,,,,,,,
,,,,,,,,,,,
,,,,,,,,,,,
,,,,,,,,,,,
,,,,,,,,,,,
,,,,,,,,,,,
,,,,,,,,,,,
,,,,,,,,,,,
,,,,,,,,,,,
,,,,,,,,,,,
,,,,,,,,,,,
,,,,,,,,,,,
,,,,,,,,,,,
,,,,,,,,,,,
,,,,,,,,,,,
,,,,,,,,,,,
,,,,,,,,,,,
,,,,,,,,,,,
,,,,,,,,,,,
,,,,,,,,,,,
,,,,,,,,,,,
,,,,,,,,,,,
,,,,,,,,,,,
,,,,,,,,,,,
,,,,,,,,,,,
,,,,,,,,,,,
,,,,,,,,,,,
,,,,,,,,,,,
,,,,,,,,,,,
,,,,,,,,,,,
,,,,,,,,,,,
,,,,,,,,,,,
,,,,,,,,,,,
,,,,,,,,,,,
,,,,,,,,,,,
,,,,,,,,,,,
,,,,,,,,,,,
,,,,,,,,,,,
,,,,,,,,,,,
,,,,,,,,,,,
,,,,,,,,,,,
,,,,,,,,,,,
,,,,,,,,,,,
,,,,,,,,,,,
,,,,,,,,,,,
,,,,,,,,,,,
,,,,,,,,,,,
,,,,,,,,,,,
,,,,,,,,,,,
,,,,,,,,,,,
,,,,,,,,,,,
,,,,,,,,,,,
,,,,,,,,,,,
,,,,,,,,,,,
,,,,,,,,,,,
,,,,,,,,,,,
,,,,,,,,,,,
,,,,,,,,,,,
,,,,,,,,,,,
,,,,,,,,,,,
,,,,,,,,,,,
,,,,,,,,,,,
,,,,,,,,,,,
,,,,,,,,,,,
,,,,,,,,,,,
,,,,,,,,,,,
,,,,,,,,,,,
,,,,,,,,,,,
,,,,,,,,,,,
,,,,,,,,,,,
,,,,,,,,,,,
,,,,,,,,,,,
,,,,,,,,,,,
,,,,,,,,,,,
,,,,,,,,,,,
,,,,,,,,,,,
,,,,,,,,,,,
,,,,,,,,,,,
,,,,,,,,,,,
,,,,,,,,,,,
,,,,,,,,,,,
,,,,,,,,,,,
,,,,,,,,,,,
,,,,,,,,,,,
,,,,,,,,,,,
,,,,,,,,,,,
,,,,,,,,,,,
,,,,,,,,,,,
,,,,,,,,,,,
,,,,,,,,,,,
,,,,,,,,,,,
,,,,,,,,,,,
,,,,,,,,,,,
,,,,,,,,,,,
,,,,,,,,,,,
,,,,,,,,,,,
,,,,,,,,,,,
,,,,,,,,,,,
,,,,,,,,,,,
,,,,,,,,,,,
,,,,,,,,,,,
,,,,,,,,,,,
,,,,,,,,,,,
,,,,,,,,,,,
,,,,,,,,,,,
,,,,,,,,,,,
,,,,,,,,,,,
,,,,,,,,,,,
,,,,,,,,,,,
,,,,,,,,,,,
,,,,,,,,,,,
,,,,,,,,,,,
,,,,,,,,,,,
,,,,,,,,,,,
,,,,,,,,,,,
,,,,,,,,,,,
,,,,,,,,,,,
,,,,,,,,,,,
,,,,,,,,,,,
,,,,,,,,,,,
,,,,,,,,,,,
,,,,,,,,,,,
,,,,,,,,,,,
,,,,,,,,,,,
,,,,,,,,,,,
,,,,,,,,,,,
,,,,,,,,,,,
,,,,,,,,,,,
,,,,,,,,,,,
,,,,,,,,,,,
,,,,,,,,,,,
,,,,,,,,,,,
,,,,,,,,,,,
,,,,,,,,,,,
,,,,,,,,,,,
,,,,,,,,,,,
,,,,,,,,,,,
,,,,,,,,,,,
,,,,,,,,,,,
,,,,,,,,,,,
,,,,,,,,,,,
,,,,,,,,,,,
,,,,,,,,,,,
,,,,,,,,,,,
,,,,,,,,,,,
,,,,,,,,,,,
,,,,,,,,,,,
,,,,,,,,,,,
,,,,,,,,,,,
,,,,,,,,,,,
,,,,,,,,,,,
,,,,,,,,,,,
,,,,,,,,,,,
,,,,,,,,,,,
,,,,,,,,,,,
,,,,,,,,,,,
,,,,,,,,,,,
,,,,,,,,,,,
,,,,,,,,,,,
,,,,,,,,,,,
,,,,,,,,,,,
,,,,,,,,,,,
,,,,,,,,,,,
,,,,,,,,,,,
,,,,,,,,,,,
,,,,,,,,,,,
,,,,,,,,,,,
,,,,,,,,,,,
,,,,,,,,,,,
,,,,,,,,,,,
,,,,,,,,,,,
,,,,,,,,,,,
,,,,,,,,,,,
,,,,,,,,,,,
,,,,,,,,,,,
,,,,,,,,,,,
,,,,,,,,,,,
,,,,,,,,,,,
,,,,,,,,,,,
,,,,,,,,,,,
,,,,,,,,,,,
,,,,,,,,,,,
,,,,,,,,,,,
,,,,,,,,,,,
,,,,,,,,,,,
,,,,,,,,,,,
,,,,,,,,,,,
,,,,,,,,,,,
,,,,,,,,,,,
,,,,,,,,,,,
,,,,,,,,,,,
,,,,,,,,,,,
,,,,,,,,,,,
,,,,,,,,,,,
,,,,,,,,,,,
,,,,,,,,,,,
,,,,,,,,,,,
,,,,,,,,,,,
,,,,,,,,,,,
,,,,,,,,,,,
,,,,,,,,,,,
,,,,,,,,,,,
,,,,,,,,,,,
,,,,,,,,,,,
,,,,,,,,,,,
,,,,,,,,,,,
,,,,,,,,,,,
,,,,,,,,,,,
,,,,,,,,,,,
,,,,,,,,,,,
,,,,,,,,,,,
,,,,,,,,,,,
,,,,,,,,,,,
,,,,,,,,,,,
,,,,,,,,,,,
,,,,,,,,,,,
,,,,,,,,,,,
,,,,,,,,,,,
,,,,,,,,,,,
,,,,,,,,,,,
,,,,,,,,,,,
,,,,,,,,,,,
,,,,,,,,,,,
,,,,,,,,,,,
,,,,,,,,,,,
,,,,,,,,,,,
,,,,,,,,,,,
,,,,,,,,,,,
,,,,,,,,,,,
,,,,,,,,,,,
,,,,,,,,,,,
,,,,,,,,,,,
,,,,,,,,,,,
,,,,,,,,,,,
,,,,,,,,,,,
,,,,,,,,,,,
,,,,,,,,,,,
,,,,,,,,,,,
,,,,,,,,,,,
,,,,,,,,,,,
,,,,,,,,,,,
,,,,,,,,,,,
,,,,,,,,,,,
,,,,,,,,,,,
,,,,,,,,,,,
,,,,,,,,,,,
,,,,,,,,,,,
,,,,,,,,,,,
,,,,,,,,,,,
,,,,,,,,,,,
,,,,,,,,,,,
,,,,,,,,,,,
,,,,,,,,,,,
,,,,,,,,,,,
,,,,,,,,,,,
,,,,,,,,,,,
,,,,,,,,,,,
,,,,,,,,,,,
,,,,,,,,,,,
,,,,,,,,,,,
,,,,,,,,,,,
,,,,,,,,,,,
,,,,,,,,,,,
,,,,,,,,,,,
,,,,,,,,,,,
,,,,,,,,,,,
,,,,,,,,,,,
,,,,,,,,,,,
,,,,,,,,,,,
,,,,,,,,,,,